{
  "minecraft:recipes/redstone/dispenser": {
    "criteria": {
      "has_bow": "2017-09-16 15:05:28 +0900"
    },
    "done": true
  },
  "minecraft:adventure/adventuring_time": {
    "criteria": {
      "extreme_hills_with_trees": "2017-09-16 15:06:08 +0900",
      "plains": "2017-09-16 15:06:14 +0900",
      "extreme_hills": "2017-09-16 15:05:28 +0900",
      "roofed_forest": "2017-09-16 15:06:03 +0900",
      "river": "2017-09-16 15:05:52 +0900"
    },
    "done": false
  },
  "minecraft:story/root": {
    "criteria": {
      "crafting_table": "2017-09-16 15:05:28 +0900"
    },
    "done": true
  }
}