{
  "minecraft:recipes/redstone/dispenser": {
    "criteria": {
      "has_bow": "2017-09-16 14:58:40 +0900"
    },
    "done": true
  },
  "minecraft:adventure/root": {
    "criteria": {
      "killed_something": "2017-09-16 14:59:27 +0900"
    },
    "done": true
  },
  "minecraft:adventure/kill_a_mob": {
    "criteria": {
      "creeper": "2017-09-16 14:59:27 +0900"
    },
    "done": true
  },
  "minecraft:adventure/kill_all_mobs": {
    "criteria": {
      "creeper": "2017-09-16 14:59:27 +0900"
    },
    "done": false
  },
  "minecraft:adventure/shoot_arrow": {
    "criteria": {
      "shot_arrow": "2017-09-16 14:59:22 +0900"
    },
    "done": true
  },
  "minecraft:adventure/adventuring_time": {
    "criteria": {
      "extreme_hills_with_trees": "2017-09-16 14:59:07 +0900",
      "extreme_hills": "2017-09-16 14:58:40 +0900"
    },
    "done": false
  },
  "minecraft:story/root": {
    "criteria": {
      "crafting_table": "2017-09-16 14:58:40 +0900"
    },
    "done": true
  }
}