{
  "minecraft:recipes/transportation/acacia_boat": {
    "criteria": {
      "entered_water": "2017-09-16 15:09:16 +0900"
    },
    "done": true
  },
  "minecraft:recipes/redstone/dispenser": {
    "criteria": {
      "has_bow": "2017-09-16 15:08:53 +0900"
    },
    "done": true
  },
  "minecraft:recipes/transportation/dark_oak_boat": {
    "criteria": {
      "entered_water": "2017-09-16 15:09:16 +0900"
    },
    "done": true
  },
  "minecraft:recipes/transportation/birch_boat": {
    "criteria": {
      "entered_water": "2017-09-16 15:09:16 +0900"
    },
    "done": true
  },
  "minecraft:recipes/transportation/boat": {
    "criteria": {
      "entered_water": "2017-09-16 15:09:16 +0900"
    },
    "done": true
  },
  "minecraft:recipes/transportation/jungle_boat": {
    "criteria": {
      "entered_water": "2017-09-16 15:09:16 +0900"
    },
    "done": true
  },
  "minecraft:recipes/transportation/spruce_boat": {
    "criteria": {
      "entered_water": "2017-09-16 15:09:16 +0900"
    },
    "done": true
  },
  "minecraft:adventure/adventuring_time": {
    "criteria": {
      "forest": "2017-09-16 15:10:02 +0900",
      "extreme_hills_with_trees": "2017-09-16 15:09:00 +0900",
      "extreme_hills": "2017-09-16 15:09:06 +0900",
      "river": "2017-09-16 15:08:53 +0900"
    },
    "done": false
  },
  "minecraft:story/root": {
    "criteria": {
      "crafting_table": "2017-09-16 15:08:53 +0900"
    },
    "done": true
  }
}