{
  "minecraft:recipes/redstone/dispenser": {
    "criteria": {
      "has_bow": "2017-09-16 18:14:09 +0900"
    },
    "done": true
  },
  "minecraft:adventure/root": {
    "criteria": {
      "killed_something": "2017-09-16 18:22:02 +0900"
    },
    "done": true
  },
  "minecraft:adventure/shoot_arrow": {
    "criteria": {
      "shot_arrow": "2017-09-16 18:21:49 +0900"
    },
    "done": true
  },
  "minecraft:adventure/adventuring_time": {
    "criteria": {
      "deep_ocean": "2017-09-16 18:21:40 +0900",
      "extreme_hills_with_trees": "2017-09-16 18:15:51 +0900",
      "plains": "2017-09-16 18:19:40 +0900",
      "birch_forest_hills": "2017-09-16 18:21:23 +0900",
      "extreme_hills": "2017-09-16 18:14:27 +0900",
      "roofed_forest": "2017-09-16 18:14:09 +0900",
      "river": "2017-09-16 18:21:24 +0900"
    },
    "done": false
  },
  "minecraft:story/root": {
    "criteria": {
      "crafting_table": "2017-09-16 18:14:09 +0900"
    },
    "done": true
  }
}