{
  "minecraft:recipes/redstone/dispenser": {
    "criteria": {
      "has_bow": "2017-09-16 18:38:17 +0900"
    },
    "done": true
  },
  "minecraft:adventure/shoot_arrow": {
    "criteria": {
      "shot_arrow": "2017-09-16 18:39:20 +0900"
    },
    "done": true
  },
  "minecraft:adventure/adventuring_time": {
    "criteria": {
      "birch_forest": "2017-09-16 18:39:39 +0900",
      "beaches": "2017-09-16 18:38:38 +0900",
      "forest_hills": "2017-09-16 18:39:17 +0900",
      "plains": "2017-09-16 18:38:46 +0900",
      "ocean": "2017-09-16 18:38:17 +0900",
      "river": "2017-09-16 18:39:41 +0900"
    },
    "done": false
  },
  "minecraft:story/root": {
    "criteria": {
      "crafting_table": "2017-09-16 18:38:17 +0900"
    },
    "done": true
  }
}