{
  "minecraft:recipes/redstone/dispenser": {
    "criteria": {
      "has_bow": "2017-09-16 18:04:17 +0900"
    },
    "done": true
  },
  "minecraft:adventure/adventuring_time": {
    "criteria": {
      "forest": "2017-09-16 18:05:13 +0900",
      "extreme_hills_with_trees": "2017-09-16 18:04:28 +0900",
      "extreme_hills": "2017-09-16 18:04:17 +0900",
      "roofed_forest": "2017-09-16 18:04:36 +0900"
    },
    "done": false
  },
  "minecraft:story/root": {
    "criteria": {
      "crafting_table": "2017-09-16 18:04:17 +0900"
    },
    "done": true
  }
}