{"stat.pickup.minecraft.rotten_flesh":2,"stat.useItem.minecraft.bow":6,"stat.killEntity.Skeleton":1,"stat.walkOneCm":28459,"stat.killEntity.Chicken":3,"stat.killEntity.Spider":2,"stat.pickup.minecraft.feather":2,"stat.pickup.minecraft.leather":1,"stat.mobKills":28,"stat.killEntity.Creeper":5,"stat.killEntity.Llama":9,"stat.pickup.minecraft.string":1,"stat.flyOneCm":190025,"stat.jump":101,"stat.pickup.minecraft.egg":1,"stat.playOneMinute":8557,"stat.killEntity.Sheep":6,"stat.pickup.minecraft.wool":4,"stat.pickup.minecraft.gunpowder":4,"stat.pickup.minecraft.chicken":2,"stat.killEntity.Zombie":2,"stat.timeSinceDeath":8557,"stat.useItem.iqabc.iqabckoyon":668,"stat.sprintOneCm":1738,"stat.pickup.minecraft.mutton":5}